[Header],,,,,,,,,,,
IEMFileVersion,5,,,,,,,,,,
Date,16-Jan-23,,,,,,,,,,
Workflow,GenerateFASTQ,,,,,,,,,,
Application,NovaSeq FASTQ Only,,,,,,,,,,
Instrument Type,NovaSeq,,,,,,,,,,
Assay,TruSeq Stranded mRNA,,,,,,,,,,
Chemistry,Amplicon,,,,,,,,,,
,,,,,,,,,,,
,,,,,,,,,,,
[Reads],,,,,,,,,,,
151,,,,,,,,,,,
151,,,,,,,,,,,
,,,,,,,,,,,
[Settings],,,,,,,,,,,
Adapter,AGATCGGAAGAGCACACGTCTGAACTCCAGTCA,,,,,,,,,,
AdapterRead2,AGATCGGAAGAGCGTCGTGTAGGGAAAGAGTGT,,,,,,,,,,
,,,,,,,,,,,
[Data],,,,,,,,,,,
Lane,Sample_ID,Sample_Name,Sample_Plate,Sample_Well,Index_Plate_Well,I7_Index_ID,index,I5_Index_ID,index2,Sample_Project,Description
4,HEK293_rep1_37_H3K36,,2023_Jan_cutandrun,A01,A01,D701,ATTACTCG,D501,TATAGCCT,,
4,HEK293_rep1_37_H4K20,,2023_Jan_cutandrun,A02,A02,D702,TCCGGAGA,D501,TATAGCCT,,
4,HEK293_rep1_37_H3K4,,2023_Jan_cutandrun,A03,A03,D703,CGCTCATT,D501,TATAGCCT,,
4,HEK293_rep1_37_H3K27,,2023_Jan_cutandrun,A04,A04,D704,GAGATTCC,D501,TATAGCCT,,
4,HEK293_rep1_37_H3K9,,2023_Jan_cutandrun,A05,A05,D705,ATTCAGAA,D501,TATAGCCT,,
4,HEK293_rep1_37_IgG,,2023_Jan_cutandrun,A06,A06,D706,GAATTCGT,D501,TATAGCCT,,
4,HEK293_rep1_32_H3K36,,2023_Jan_cutandrun,A07,A07,D707,CTGAAGCT,D501,TATAGCCT,,
4,HEK293_rep1_32_H4K20,,2023_Jan_cutandrun,A08,A08,D708,TAATGCGC,D501,TATAGCCT,,
4,HEK293_rep1_32_H3K4,,2023_Jan_cutandrun,A09,A09,D709,CGGCTATG,D501,TATAGCCT,,
4,HEK293_rep1_32_H3K27,,2023_Jan_cutandrun,A10,A10,D710,TCCGCGAA,D501,TATAGCCT,,
4,HEK293_rep1_32_H3K9,,2023_Jan_cutandrun,A11,A11,D711,TCTCGCGC,D501,TATAGCCT,,
4,HEK293_rep1_32_IgG,,2023_Jan_cutandrun,A12,A12,D712,AGCGATAG,D501,TATAGCCT,,
4,HEK293_rep2_37_H3K36,,2023_Jan_cutandrun,B01,B01,D701,ATTACTCG,D502,ATAGAGGC,,
4,HEK293_rep2_37_H4K20,,2023_Jan_cutandrun,B02,B02,D702,TCCGGAGA,D502,ATAGAGGC,,
4,HEK293_rep2_37_H3K4,,2023_Jan_cutandrun,B03,B03,D703,CGCTCATT,D502,ATAGAGGC,,
4,HEK293_rep2_37_H3K27,,2023_Jan_cutandrun,B04,B04,D704,GAGATTCC,D502,ATAGAGGC,,
4,HEK293_rep2_37_H3K9,,2023_Jan_cutandrun,B05,B05,D705,ATTCAGAA,D502,ATAGAGGC,,
4,HEK293_rep2_37_IgG,,2023_Jan_cutandrun,B06,B06,D706,GAATTCGT,D502,ATAGAGGC,,
4,HEK293_rep2_37_SMYD5,,2023_Jan_cutandrun,B07,B07,D707,CTGAAGCT,D502,ATAGAGGC,,
4,HEK293_rep2_32_H3K36,,2023_Jan_cutandrun,B08,B08,D708,TAATGCGC,D502,ATAGAGGC,,
4,HEK293_rep2_32_H4K20,,2023_Jan_cutandrun,B09,B09,D709,CGGCTATG,D502,ATAGAGGC,,
4,HEK293_rep2_32_H3K4,,2023_Jan_cutandrun,B10,B10,D710,TCCGCGAA,D502,ATAGAGGC,,
4,HEK293_rep2_32_H3K27,,2023_Jan_cutandrun,B11,B11,D711,TCTCGCGC,D502,ATAGAGGC,,
4,HEK293_rep2_32_H3K9,,2023_Jan_cutandrun,B12,B12,D712,AGCGATAG,D502,ATAGAGGC,,
4,HEK293_rep2_32_IgG,,2023_Jan_cutandrun,C01,C01,D701,ATTACTCG,D503,CCTATCCT,,
4,HEK293_rep2_32_SMYD5,,2023_Jan_cutandrun,C02,C02,D702,TCCGGAGA,D503,CCTATCCT,,
4,HEK293_rep3_37_H3K36,,2023_Jan_cutandrun,C03,C03,D703,CGCTCATT,D503,CCTATCCT,,
4,HEK293_rep3_37_H4K20,,2023_Jan_cutandrun,C04,C04,D704,GAGATTCC,D503,CCTATCCT,,
4,HEK293_rep3_37_H3K4,,2023_Jan_cutandrun,C05,C05,D705,ATTCAGAA,D503,CCTATCCT,,
4,HEK293_rep3_37_H3K27,,2023_Jan_cutandrun,C06,C06,D706,GAATTCGT,D503,CCTATCCT,,
4,HEK293_rep3_37_H3K9,,2023_Jan_cutandrun,C07,C07,D707,CTGAAGCT,D503,CCTATCCT,,
4,HEK293_rep3_37_IgG,,2023_Jan_cutandrun,C08,C08,D708,TAATGCGC,D503,CCTATCCT,,
4,HEK293_rep3_37_SMYD5,,2023_Jan_cutandrun,C09,C09,D709,CGGCTATG,D503,CCTATCCT,,
4,HEK293_rep3_32_H3K36,,2023_Jan_cutandrun,C10,C10,D710,TCCGCGAA,D503,CCTATCCT,,
4,HEK293_rep3_32_H4K20,,2023_Jan_cutandrun,C11,C11,D711,TCTCGCGC,D503,CCTATCCT,,
4,HEK293_rep3_32_H3K4,,2023_Jan_cutandrun,C12,C12,D712,AGCGATAG,D503,CCTATCCT,,
4,HEK293_rep3_32_H3K27,,2023_Jan_cutandrun,D01,D01,D701,ATTACTCG,D504,GGCTCTGA,,
4,HEK293_rep3_32_H3K9,,2023_Jan_cutandrun,D02,D02,D702,TCCGGAGA,D504,GGCTCTGA,,
4,HEK293_rep3_32_IgG,,2023_Jan_cutandrun,D03,D03,D703,CGCTCATT,D504,GGCTCTGA,,
4,HEK293_rep3_32_SMYD5,,2023_Jan_cutandrun,D04,D04,D704,GAGATTCC,D504,GGCTCTGA,,
4,NPC_rep1_37_H3K36,,2023_Jan_cutandrun,D05,D05,D705,ATTCAGAA,D504,GGCTCTGA,,
4,NPC_rep1_37_H4K20,,2023_Jan_cutandrun,D06,D06,D706,GAATTCGT,D504,GGCTCTGA,,
4,NPC_rep1_37_H3K4,,2023_Jan_cutandrun,D07,D07,D707,CTGAAGCT,D504,GGCTCTGA,,
4,NPC_rep1_37_H3K27,,2023_Jan_cutandrun,D08,D08,D708,TAATGCGC,D504,GGCTCTGA,,
4,NPC_rep1_37_H3K9,,2023_Jan_cutandrun,D09,D09,D709,CGGCTATG,D504,GGCTCTGA,,
4,NPC_rep1_37_IgG,,2023_Jan_cutandrun,D10,D10,D710,TCCGCGAA,D504,GGCTCTGA,,
4,NPC_rep1_37_SMYD5,,2023_Jan_cutandrun,D11,D11,D711,TCTCGCGC,D504,GGCTCTGA,,
4,NPC_rep1_32_H3K36,,2023_Jan_cutandrun,D12,D12,D712,AGCGATAG,D504,GGCTCTGA,,
4,NPC_rep1_32_H4K20,,2023_Jan_cutandrun,E01,E01,D701,ATTACTCG,D505,AGGCGAAG,,
4,NPC_rep1_32_H3K4,,2023_Jan_cutandrun,E02,E02,D702,TCCGGAGA,D505,AGGCGAAG,,
4,NPC_rep1_32_H3K27,,2023_Jan_cutandrun,E03,E03,D703,CGCTCATT,D505,AGGCGAAG,,
4,NPC_rep1_32_H3K9,,2023_Jan_cutandrun,E04,E04,D704,GAGATTCC,D505,AGGCGAAG,,
4,NPC_rep1_32_IgG,,2023_Jan_cutandrun,E05,E05,D705,ATTCAGAA,D505,AGGCGAAG,,
4,NPC_rep1_32_SMYD5,,2023_Jan_cutandrun,E06,E06,D706,GAATTCGT,D505,AGGCGAAG,,
4,NPC_rep2_37_H3K36,,2023_Jan_cutandrun,E07,E07,D707,CTGAAGCT,D505,AGGCGAAG,,
4,NPC_rep2_37_H4K20,,2023_Jan_cutandrun,E08,E08,D708,TAATGCGC,D505,AGGCGAAG,,
4,NPC_rep2_37_H3K4,,2023_Jan_cutandrun,E09,E09,D709,CGGCTATG,D505,AGGCGAAG,,
4,NPC_rep2_37_H3K27,,2023_Jan_cutandrun,E10,E10,D710,TCCGCGAA,D505,AGGCGAAG,,
4,NPC_rep2_37_H3K9,,2023_Jan_cutandrun,E11,E11,D711,TCTCGCGC,D505,AGGCGAAG,,
4,NPC_rep2_37_IgG,,2023_Jan_cutandrun,E12,E12,D712,AGCGATAG,D505,AGGCGAAG,,
4,NPC_rep2_37_SMYD5,,2023_Jan_cutandrun,F01,F01,D701,ATTACTCG,D506,TAATCTTA,,
4,NPC_rep2_32_H3K36,,2023_Jan_cutandrun,F02,F02,D702,TCCGGAGA,D506,TAATCTTA,,
4,NPC_rep2_32_H4K20,,2023_Jan_cutandrun,F03,F03,D703,CGCTCATT,D506,TAATCTTA,,
4,NPC_rep2_32_H3K4,,2023_Jan_cutandrun,F04,F04,D704,GAGATTCC,D506,TAATCTTA,,
4,NPC_rep2_32_H3K27,,2023_Jan_cutandrun,F05,F05,D705,ATTCAGAA,D506,TAATCTTA,,
4,NPC_rep2_32_H3K9,,2023_Jan_cutandrun,F06,F06,D706,GAATTCGT,D506,TAATCTTA,,
4,NPC_rep2_32_IgG,,2023_Jan_cutandrun,F07,F07,D707,CTGAAGCT,D506,TAATCTTA,,
4,NPC_rep2_32_SMYD5,,2023_Jan_cutandrun,F08,F08,D708,TAATGCGC,D506,TAATCTTA,,
4,NPC_rep3_37_H3K36,,2023_Jan_cutandrun,F09,F09,D709,CGGCTATG,D506,TAATCTTA,,
4,NPC_rep3_37_H4K20,,2023_Jan_cutandrun,F10,F10,D710,TCCGCGAA,D506,TAATCTTA,,
4,NPC_rep3_37_H3K4,,2023_Jan_cutandrun,F11,F11,D711,TCTCGCGC,D506,TAATCTTA,,
4,NPC_rep3_37_H3K27,,2023_Jan_cutandrun,F12,F12,D712,AGCGATAG,D506,TAATCTTA,,
4,NPC_rep3_37_H3K9,,2023_Jan_cutandrun,G01,G01,D701,ATTACTCG,D507,CAGGACGT,,
4,NPC_rep3_37_IgG,,2023_Jan_cutandrun,G02,G02,D702,TCCGGAGA,D507,CAGGACGT,,
4,NPC_rep3_37_SMYD5,,2023_Jan_cutandrun,G03,G03,D703,CGCTCATT,D507,CAGGACGT,,
4,NPC_rep3_32_H3K36,,2023_Jan_cutandrun,G04,G04,D704,GAGATTCC,D507,CAGGACGT,,
4,NPC_rep3_32_H4K20,,2023_Jan_cutandrun,G05,G05,D705,ATTCAGAA,D507,CAGGACGT,,
4,NPC_rep3_32_H3K4,,2023_Jan_cutandrun,G06,G06,D706,GAATTCGT,D507,CAGGACGT,,
4,NPC_rep3_32_H3K27,,2023_Jan_cutandrun,G07,G07,D707,CTGAAGCT,D507,CAGGACGT,,
4,NPC_rep3_32_H3K9,,2023_Jan_cutandrun,G08,G08,D708,TAATGCGC,D507,CAGGACGT,,
4,NPC_rep3_32_IgG,,2023_Jan_cutandrun,G09,G09,D709,CGGCTATG,D507,CAGGACGT,,
4,NPC_rep3_32_SMYD5,,2023_Jan_cutandrun,G10,G10,D710,TCCGCGAA,D507,CAGGACGT,,
4,NPC_rep4_37_H3K36,,2023_Jan_cutandrun,G11,G11,D711,TCTCGCGC,D507,CAGGACGT,,
4,NPC_rep4_37_H4K20,,2023_Jan_cutandrun,G12,G12,D712,AGCGATAG,D507,CAGGACGT,,
4,NPC_rep4_37_H3K4,,2023_Jan_cutandrun,H01,H01,D701,ATTACTCG,D508,GTACTGAC,,
4,NPC_rep4_37_H3K27,,2023_Jan_cutandrun,H02,H02,D702,TCCGGAGA,D508,GTACTGAC,,
4,NPC_rep4_37_IgG,,2023_Jan_cutandrun,H04,H03,D703,CGCTCATT,D508,GTACTGAC,,
4,NPC_rep4_37_H3K9,,2023_Jan_cutandrun,H03,H04,D704,GAGATTCC,D508,GTACTGAC,,
4,NPC_rep4_37_SMYD5,,2023_Jan_cutandrun,H05,H05,D705,ATTCAGAA,D508,GTACTGAC,,
4,NPC_rep4_32_H3K36,,2023_Jan_cutandrun,H06,H06,D706,GAATTCGT,D508,GTACTGAC,,
4,NPC_rep4_32_H4K20,,2023_Jan_cutandrun,H07,H07,D707,CTGAAGCT,D508,GTACTGAC,,
4,NPC_rep4_32_H3K4,,2023_Jan_cutandrun,H08,H08,D708,TAATGCGC,D508,GTACTGAC,,
4,NPC_rep4_32_H3K27,,2023_Jan_cutandrun,H09,H09,D709,CGGCTATG,D508,GTACTGAC,,
4,NPC_rep4_32_H3K9,,2023_Jan_cutandrun,H10,H10,D710,TCCGCGAA,D508,GTACTGAC,,
4,NPC_rep4_32_IgG,,2023_Jan_cutandrun,H11,H11,D711,TCTCGCGC,D508,GTACTGAC,,
4,NPC_rep4_32_SMYD5,,2023_Jan_cutandrun,H12,H12,D712,AGCGATAG,D508,GTACTGAC,,
4,Con10-5_rep1_B2_IgG,,2023_Jan_cutandrun,,,,CGATGTAT,,TCTTTCCC,,
4,Con10-7_rep1_C2_IgG,,2023_Jan_cutandrun,,,,TGACCAAT,,TCTTTCCC,,
4,Con10-8_rep1_D2_IgG,,2023_Jan_cutandrun,,,,ACAGTGAT,,TCTTTCCC,,
4,IUID10-7_rep1_E2_IgG,,2023_Jan_cutandrun,,,,GCCAATAT,,TCTTTCCC,,
4,IUID96-9_rep1_F2_IgG,,2023_Jan_cutandrun,,,,CAGATCAT,,TCTTTCCC,,
4,Con10-5_rep1_x_H3K4me1,,2023_Jan_cutandrun,,,,CTTGTAAT,,TCTTTCCC,,
4,Con10-7_rep1_x_H3K4me1,,2023_Jan_cutandrun,,,,AGTCAACA,,TCTTTCCC,,
4,Con10-8_rep1_x_H3K4me1,,2023_Jan_cutandrun,,,,AGTTCCGT,,TCTTTCCC,,
4,IUID10-7_rep1_x_H3K4me1,,2023_Jan_cutandrun,,,,ATGTCAGA,,TCTTTCCC,,
4,IUID96-9_rep1_x_H3K4me1,,2023_Jan_cutandrun,,,,CCGTCCCG,,TCTTTCCC,,
4,Con10-5_rep2_E4_H3K4me3,,2023_Jan_cutandrun,,,,ATCACGAT,,TCTTTCCC,,
4,Con10-7_rep2_F4_H3K4me3,,2023_Jan_cutandrun,,,,TTAGGCAT,,TCTTTCCC,,
4,Con10-8_rep2_G4_H3K4me3,,2023_Jan_cutandrun,,,,ACTTGAAT,,TCTTTCCC,,
4,IUID10-7_rep2_B5_H3K4me3,,2023_Jan_cutandrun,,,,GATCAGAT,,TCTTTCCC,,
4,IUID96-9_rep2_C5_H3K4me3,,2023_Jan_cutandrun,,,,TAGCTTAT,,TCTTTCCC,,
4,Con10-5_rep2_D5_MLL4,,2023_Jan_cutandrun,,,,GGCTACAT,,TCTTTCCC,,
4,Con10-7_rep2_E5_MLL4,,2023_Jan_cutandrun,,,,GTGGCCTT,,TCTTTCCC,,
4,Con10-8_rep2_F5_MLL4,,2023_Jan_cutandrun,,,,GTTTCGGA,,TCTTTCCC,,
4,IUID10-7_rep2_G5_MLL4,,2023_Jan_cutandrun,,,,CGTACGTA,,TCTTTCCC,,
4,IUID96-9_rep2_B6_MLL4,,2023_Jan_cutandrun,,,,GAGTGGAT,,TCTTTCCC,,
4,Con10-7_rep3_C8_MLL4,,2023_Jan_cutandrun,,,,GTCCGCAC,,TCTTTCCC,,
4,Con10-8_rep3_D8_MLL4,,2023_Jan_cutandrun,,,,GTGAAACG,,TCTTTCCC,,
4,IUID10-7_rep3_E8_MLL4,,2023_Jan_cutandrun,,,,ACTGATAT,,TCTTTCCC,,
4,IUID96-9_rep3_F8_MLL4,,2023_Jan_cutandrun,,,,ATTCCTTT,,TCTTTCCC,,
